{
  "token_acc":1.0,
  "token_p":1.0,
  "token_r":1.0,
  "token_f":1.0,
  "ents_p":0.8914646997,
  "ents_r":0.9205658324,
  "ents_f":0.9057815846,
  "ents_per_type":{
    "PERSON":{
      "p":0.9147121535,
      "r":0.9305856833,
      "f":0.9225806452
    },
    "GPE":{
      "p":0.9863945578,
      "r":0.9731543624,
      "f":0.9797297297
    },
    "NORP":{
      "p":0.8134715026,
      "r":0.9022988506,
      "f":0.8555858311
    },
    "LOC":{
      "p":0.8307692308,
      "r":0.8571428571,
      "f":0.84375
    },
    "EVENT":{
      "p":0.7,
      "r":0.7777777778,
      "f":0.7368421053
    }
  },
  "spans_BOOTSTRAP_p":null,
  "spans_BOOTSTRAP_r":null,
  "spans_BOOTSTRAP_f":null,
  "spans_BOOTSTRAP_per_type":null,
  "speed":62674.0573610139
}