{
  "token_acc":1.0,
  "token_p":1.0,
  "token_r":1.0,
  "token_f":1.0,
  "ents_p":0.6945255474,
  "ents_r":0.8737373737,
  "ents_f":0.7738918259,
  "ents_per_type":{
    "PERSON":{
      "p":0.775,
      "r":0.8802762855,
      "f":0.8242903342
    },
    "GPE":{
      "p":0.9256965944,
      "r":0.8591954023,
      "f":0.8912071535
    },
    "NORP":{
      "p":0.3371900826,
      "r":0.8947368421,
      "f":0.4897959184
    },
    "LOC":{
      "p":0.8333333333,
      "r":0.8566433566,
      "f":0.8448275862
    },
    "UNIT":{
      "p":0.0,
      "r":0.0,
      "f":0.0
    },
    "EVENT":{
      "p":0.5,
      "r":0.6153846154,
      "f":0.5517241379
    }
  },
  "spans_ruler_p":null,
  "spans_ruler_r":null,
  "spans_ruler_f":null,
  "spans_ruler_per_type":null,
  "speed":22770.7228282659
}